Acceptance Rate,Recall
0.025,0.004175084175084177
0.05,0.004175084175084177
0.1,0.004175084175084177
0.15,0.047653345044649395
0.2,0.047653345044649395
0.3,0.1294715268628312
0.5,0.31640755379885815
