Acceptance Rate,Recall
0.025,0.0
0.05,0.03693602693602695
0.1,0.03693602693602695
0.15,0.0738720538720539
0.2,0.0738720538720539
0.3,0.11080808080808083
0.5,0.3888757136583224
