Acceptance Rate,Recall
0.025,0.0
0.05,0.014325068870523417
0.1,0.014325068870523417
0.15,0.028650137741046834
0.2,0.04297520661157024
0.3,0.13730027548209367
0.5,0.3107102647023596
