Acceptance Rate,Recall
0.025,0.00477502295684114
0.05,0.028943985307621673
0.1,0.038494031221303945
0.15,0.05935720844811754
0.2,0.06413223140495869
0.3,0.06413223140495869
