Acceptance Rate,Recall
0.025,0.005371900826446282
0.05,0.010743801652892564
0.1,0.021487603305785127
0.15,0.07667584940312214
0.2,0.08204775022956842
0.3,0.08204775022956842
