Acceptance Rate,Recall
0.025,0.0
0.05,0.0
0.1,0.0
0.15,0.0
0.2,0.0
0.3,0.11111111111111112
0.5,0.4409530083443126
